Name,Location,Distance(meter)
1000 Grand by Windsor,"1000 S Grand Ave, Los Angeles, CA 90015",3201.37442711609
1029 S. Union Ave.,"1029 S Union Ave, Los Angeles, CA 90015",3088.0725355123504
1050 S Grand Ave Unit 705,"1050 S Grand Ave Unit 705, Los Angeles, CA 90015",3112.955575033835
1111 Wilshire,"1111 Wilshire Blvd, Los Angeles, CA 90017",3894.343071442732
1118 W 37th Dr,"1118 W 37th Dr, Los Angeles, CA 90007",783.4851990072362
1133 Hope Street,"1133 S Hope St, Los Angeles, CA 90015",2964.5675804785046
1167 S Hoover St,"1167 S Hoover St, Los Angeles, CA 90006",3036.993804905432
1207 S Serrano Ave,"1207 S Serrano Ave, Los Angeles, CA 90006",3538.091530589528
1210 Fedora St,"1210 Fedora St, Los Angeles, CA 90006",3158.28842026038
1222 W 39th St,"1222 W 39th St, Los Angeles, CA 90037",1420.8696248124988
1320 S St. Andrews Pl,"1320 S St. Andrews Pl, Los Angeles, CA 90019",10915.730391881283
1333 W. 36th Pl.,"1333 W 36th Pl, Los Angeles, CA 90007",1227.8401457116788
1358 W. 36th St.,"1358 W 36th St, Los Angeles, CA 90007",1279.6630716279465
1400 Fig,"1400 S Figueroa St, Los Angeles, CA 90015",2399.0473864063324
1411 S Bonnie Brae St,"1411 S Bonnie Brae St, Los Angeles, CA 90006",2457.049626489376
1432-1436 1/2 Constance St,"1432-1436 1/2 Constance St, Los Angeles, CA 90015",2741.518529157001
1476 W 35th St,"1476 W 35th St, Los Angeles, CA 90018",1625.3261357502747
15 Units + 1 Non-conforming Unit,"420 S Occidental Blvd, Los Angeles, CA 90057",4894.6523543693165
1522 S Manhattan Plz,"1522 S Manhattan Plz, Los Angeles, CA 90019",3404.5695963815406
1949 Park Grove Ave.,"1949 Park Grove Ave, Los Angeles, CA 90007",1620.2580181636115
212 E 24th St,"212 E 24th St, Los Angeles, CA 90011",1769.5346178208072
2221 Western,"2221 S Western Ave, Los Angeles, CA 90018",2663.129160950395
255 Grand,"255 S Grand Ave, Los Angeles, CA 90012",4777.303387743325
2675 Arlington Ave,"2675 Arlington Ave, Los Angeles, CA 90018",3148.703666501568
2783 Francis Ave,"2783-2801 Francis Ave, Los Angeles, CA 90005",3837.367419744346
2801 Sunset Pl Unit FL15-ID702,"2801 Sunset Pl Unit FL15-ID702, Los Angeles, CA 90005",4271.009632252018
3033 Wilshire,"3033 Wilshire Blvd, Los Angeles, CA 90010",4397.907590524317
30Sixty,"3060 W Olympic Blvd, Los Angeles, CA 90006",3659.589460085862
3420 12th Ave,"3420 12th Ave, Los Angeles, CA 90018",4292.845873877496
4040 - 4060 S Hoover St,"4040-4060 S Hoover St, Los Angeles, CA 90037",1408.8872187269149
422 South Lake,"422 S Lake St, Los Angeles, CA 90057",4470.496525944223
4mica,"751 Valencia St, Los Angeles, CA 90017",3526.7143636684327
4th & Main,"334 S Main St, Los Angeles, CA 90013",4578.993032901008
616 Kenmore,"616 S Kenmore Ave, Los Angeles, CA 90005",4680.379969984536
700 S. Berendo - fully renovated unit in K...,"700 S Berendo St, Los Angeles, CA 90005",4221.762087961984
717 Olympic,"717 W Olympic Blvd, Los Angeles, CA 90015",3205.7393860810203
739 Garland Ave,"739 Garland Ave, Los Angeles, CA 90017",3585.223688996341
820 S Wilton Pl Unit 301,"820 S Wilton Pl Unit 301, Los Angeles, CA 90005",4735.571831754252
839 Fedora St Unit FL6-ID775,"839 Fedora St Unit FL6-ID775, Los Angeles, CA 90005",4020.2963926643447
888 at Grand Hope Park,"888 S Hope St, Los Angeles, CA 90017",3433.2141634525738
8th Street Apartments,"2933 W 8th St, Los Angeles, CA 90005",3961.4192607550326
922 W 23rd St,"922 W 23rd St, Los Angeles, CA 90007",1314.6366592823708
936 S Westmoreland Ave,"936 S Westmoreland Ave, Los Angeles, CA 90006",3592.2998415987136
951 S. Oxford - fully renovated unit in Ko...,"951 S Oxford Ave, Los Angeles, CA 90006",4059.9797347602566
970 Fedora,"970 Fedora St, Los Angeles, CA 90006",3654.540351171055
ABY - The Abbey,"3550 W 6th St, Los Angeles, CA 90005",4764.983825285543
APEX. The One.,"900 S Figueroa St, Los Angeles, CA 90015",3332.4655532972406
ARW - Arwyn Manor,"3835 W 8th St, LOS ANGELES, CA 90005",4602.452564067515
AVA Little Tokyo,"236 S Los Angeles St, Los Angeles, CA 90012",4847.79394584994
Alina,"700 W 9th St, Los Angeles, CA 90015",3365.7356073462583
Ambassador Towers,"691 Irolo St, Los Angeles, CA 90005",4418.570831638904
Ancelle,"701 S Gramercy Dr, Los Angeles, CA 90005",4838.594506790134
Antares,"1419 S New Hampshire Ave, Los Angeles, CA 90006",2715.27661145126
Apartment for Rent,"1003 W 21st St, Los Angeles, CA 90007",1549.0947436144456
Apartment for Rent,"1027 Wilshire Blvd, Los Angeles, CA 90017",3897.4466001894416
Apartment for Rent,"1030 S Norton Ave, Los Angeles, CA 90019",4749.416661456327
Apartment for Rent,"1050 Wilshire Blvd, Los Angeles, CA 90017",3879.2167439455575
Apartment for Rent,"1073 W Exposition Blvd, Los Angeles, CA 90007",2977.2762618741176
Apartment for Rent,"1100 Exposition Blvd, Los Angeles, CA 90007",995.3797954709293
Apartment for Rent,"1100 Wilshire Blvd, Los Angeles, CA 90017",3861.028112236764
Apartment for Rent,"1107 3rd Ave, Los Angeles, CA 90019",4417.216279427773
Apartment for Rent,"1120 W 6th St, Los Angeles, CA 90017",3996.95354613944
Apartment for Rent,"1124 W 49th St, Los Angeles, CA 90037",2778.530497860726
Apartment for Rent,"1129 4th Ave, Los Angeles, CA 90019",4483.611913334075
Apartment for Rent,"1133 S Hope St, Los Angeles, CA 90015",2964.5675804785046
Apartment for Rent,"1133 S Westmoreland Ave, Los Angeles, CA 90006",3560.400896533562
Apartment for Rent,"1142 4th Ave, Los Angeles, CA 90019",4454.864798176286
Apartment for Rent,"1155 S Grand Ave, Los Angeles, CA 90015",2875.176312545417
Apartment for Rent,"1157 5th Ave, Los Angeles, CA 90019",4545.019252685269
Apartment for Rent,"1158 W 37th St, Los Angeles, CA 90007",788.4855300252336
Apartment for Rent,"1159 5th Ave, Los Angeles, CA 90019",4543.39756562157
Apartment for Rent,"1159 W 36th Pl, Los Angeles, CA 90007",763.7088634543564
Apartment for Rent,"1164 W 37th Pl, Los Angeles, CA 90007",1377.3869924924736
Apartment for Rent,"1171 W 37th Plz, Los Angeles, CA 90007",795.2881239477948
Apartment for Rent,"1183 Rolland Curtis Pl, Los Angeles, CA 90037",1294.42980414104
Apartment for Rent,"1184 W 30th St, Los Angeles, CA 90007",622.2411414046912
Apartment for Rent,"1201 S Hope St, Los Angeles, CA 90015",2787.275650573348
Apartment for Rent,"1219 W 25th St, Los Angeles, CA 90007",1264.9755656242123
Apartment for Rent,"1222 Elden Ave, Los Angeles, CA 90006",2925.978227045517
Apartment for Rent,"1226 S Westmoreland Ave, Los Angeles, CA 90006",2933.138135293824
Apartment for Rent,"1233 W 39th Pl, Los Angeles, CA 90037",1524.5602708013778
Apartment for Rent,"1234 Wilshire Blvd, Los Angeles, CA 90017",3872.275076451697
Apartment for Rent,"1251 W 36th Pl, Los Angeles, CA 90007",1026.7042218075146
Apartment for Rent,"1256 W 37th St, Los Angeles, CA 90007",1043.0174933805597
Apartment for Rent,"1283 3rd Ave, Los Angeles, CA 90019",4274.008986787894
Apartment for Rent,"1296 W 37th Pl, Los Angeles, CA 90007",1176.7253883102453
Apartment for Rent,"1310 S Wilton Pl, Los Angeles, CA 90019",3840.137291622169
Apartment for Rent,"1314 W 22nd St, Los Angeles, CA 90007",1548.144957023534
Apartment for Rent,"1314 W 35th Pl, Los Angeles, CA 90007",1184.0453620048631
Apartment for Rent,"1323 W 12th Pl, Los Angeles, CA 90015",2644.5298459678543
Apartment for Rent,"1324 Toberman St, Los Angeles, CA 90015",2481.318493202454
Apartment for Rent,"1325 Hoover S St, Los Angeles, CA 90006",2739.367326750435
Apartment for Rent,"1339 W 36th Pl, Los Angeles, CA 90007",1241.5939969367262
Apartment for Rent,"1341 S Union Ave, Los Angeles, CA 90015",2503.148385137545
Apartment for Rent,"1343 E 33rd St, Los Angeles, CA 90011",3280.686283078182
Apartment for Rent,"1366 W 24th St, Los Angeles, CA 90007",1415.247968775633
Apartment for Rent,"1416 W Olympic Blvd, Los Angeles, CA 90015",3097.9232363426186
Apartment for Rent,"1421 W 35th St, Los Angeles, CA 90018",1483.147452908311
Apartment for Rent,"1422 W 29th St, Los Angeles, CA 90007",955.9096768579842
Apartment for Rent,"1426 W 27th St, Los Angeles, CA 90007",1168.478235467025
Apartment for Rent,"1426 W 38th St, Los Angeles, CA 90062",1730.3368441406485
Apartment for Rent,"1431 W 36th St, Los Angeles, CA 90018",1525.679807786942
Apartment for Rent,"147 E 36th St, Los Angeles, CA 90011",1297.6504816826516
Apartment for Rent,"1477 W 36th St, Los Angeles, CA 90018",1706.9167487952311
Apartment for Rent,"1479 W 36th St, Los Angeles, CA 90018",1714.7940132548797
Apartment for Rent,"1510 S Van Ness Ave, Los Angeles, CA 90019",3775.438980479634
Apartment for Rent,"1515 Wilshire Blvd, Los Angeles, CA 90017",3908.883881559762
Apartment for Rent,"1570 W 36th St, Los Angeles, CA 90018",1860.4678322456311
Apartment for Rent,"1580 W 30th St, Los Angeles, CA 90007",1455.037723679089
Apartment for Rent,"1640 W Vernon Ave, Los Angeles, CA 90062",2986.5522227675856
Apartment for Rent,"1659 W 36th Pl, Los Angeles, CA 90018",2082.225566344797
Apartment for Rent,"1711 S New Hampshire Ave, Los Angeles, CA 90006",2351.225960500158
Apartment for Rent,"1720 Miramar St, Los Angeles, CA 90026",4656.016268754081
Apartment for Rent,"1740 S New England St, Los Angeles, CA 90006",2249.179907841936
Apartment for Rent,"17550 W 45th St, Los Angeles, CA 90062",2960.692367300642
Apartment for Rent,"1765 W 38th St, Los Angeles, CA 90062",2578.862295433999
Apartment for Rent,"1815 W 12th St, Los Angeles, CA 90006",2869.2838983392508
Apartment for Rent,"1817 W 12th St, Los Angeles, CA 90006",2869.578093301372
Apartment for Rent,"1830 W Jefferson Blvd, Los Angeles, CA 90018",2307.852311450487
Apartment for Rent,"1935 W 23rd St, Los Angeles, CA 90018",2315.2970867441163
Apartment for Rent,"2121 James M Wood Blvd, Los Angeles, CA 90006",3529.0367653533885
Apartment for Rent,"215 W 5th St, Los Angeles, CA 90013",4295.381776513855
Apartment for Rent,"2209 Crenshaw Blvd, Los Angeles, CA 90016",4677.117564850943
Apartment for Rent,"221 Lucas Ave, Los Angeles, CA 90026",4791.105898860684
Apartment for Rent,"222 S Main St, Los Angeles, CA 90012",4847.838833171079
Apartment for Rent,"2231 Ellendale Pl, Los Angeles, CA 90007",1488.9545443764207
Apartment for Rent,"225 S Grand Ave, Los Angeles, CA 90012",4708.85357461232
Apartment for Rent,"225 S Olive St, Los Angeles, CA 90012",4726.494651112169
Apartment for Rent,"2288 W 27th St, Los Angeles, CA 90018",3108.144283965308
Apartment for Rent,"2331 Portland St, Los Angeles, CA 90007",1223.8374852237823
Apartment for Rent,"235 E 28th St, Los Angeles, CA 90011",1560.789414467405
Apartment for Rent,"236 S Los Angeles St, Los Angeles, CA 90012",4847.79394584994
Apartment for Rent,"236 W 39th St, Los Angeles, CA 90037",1341.672365171574
Apartment for Rent,"238 E Vernon Ave, Los Angeles, CA 90011",2435.1642473376924
Apartment for Rent,"2404 5th Ave, Los Angeles, CA 90018",3704.813774702832
Apartment for Rent,"253 S Broadway, Los Angeles, CA 90012",4693.865909479837
Apartment for Rent,"255 S Grand Ave, Los Angeles, CA 90012",4777.303387743325
Apartment for Rent,"257 S Spring St, Los Angeles, CA 90012",4771.656346514515
Apartment for Rent,"2631 W 48th St, Los Angeles, CA 90043",4192.371782221894
Apartment for Rent,"2632 Halldale Ave, Los Angeles, CA 90018",1945.6984225514832
Apartment for Rent,"2637 S Catalina St, Los Angeles, CA 90007",1318.8744681395656
Apartment for Rent,"2663 5th Ave, Los Angeles, CA 90018",3572.988755966732
Apartment for Rent,"2684 Orchard Ave, Los Angeles, CA 90007",929.7099259345872
Apartment for Rent,"2725 Obama Blvd, Los Angeles, CA 90018",3741.803275181823
Apartment for Rent,"2769 James M Wood Blvd, Los Angeles, CA 90006",3744.755381975563
Apartment for Rent,"2801 Sunset Pl, Los Angeles, CA 90005",4279.773136088023
Apartment for Rent,"2811 Menlo Ave, Los Angeles, CA 90007",902.4779033155784
Apartment for Rent,"2914 S Normandie Ave, Los Angeles, CA 90007",1556.099648447661
Apartment for Rent,"2928 S Halldale Ave, Los Angeles, CA 90018",5142.254298036938
Apartment for Rent,"2937 S Norton Ave, Los Angeles, CA 90018",4454.518677274146
Apartment for Rent,"2953 Francis Ave, Los Angeles, CA 90005",3865.89345058374
Apartment for Rent,"300 E 9th St, Los Angeles, CA 90015",3516.768689674917
Apartment for Rent,"3000 Normandie Ave, Los Angeles, CA 90007",3617.959463497197
Apartment for Rent,"3014 9th Ave, Los Angeles, CA 90018",3906.896072130269
Apartment for Rent,"3033 Van Buren Pl, Los Angeles, CA 90007",1214.090808626294
Apartment for Rent,"3100 S Normandie Ave, Los Angeles, CA 90007",1458.1449559159687
Apartment for Rent,"3105 S Normandie Ave, Los Angeles, CA 90007",1480.218935055474
Apartment for Rent,"324 W 51st St, Los Angeles, CA 90037",2947.5507201005576
Apartment for Rent,"3339 W 8th St, Los Angeles, CA 90005",4202.490476795973
Apartment for Rent,"334 S Main St, Los Angeles, CA 90013",4578.993032901008
Apartment for Rent,"338 S Benton Way, Los Angeles, CA 90057",4879.358628495828
Apartment for Rent,"343 E 53rd St, Los Angeles, CA 90011",3457.966785758943
Apartment for Rent,"3480 San Marino St, Los Angeles, CA 90006",4162.586818650057
Apartment for Rent,"3511 W 6th St, Los Angeles, CA 90020",4746.0441374366455
Apartment for Rent,"3520 W 39th St, Los Angeles, CA 90008",4601.156070279834
Apartment for Rent,"3540 Wilshire Blvd, Los Angeles, CA 90010",4627.455291116516
Apartment for Rent,"3616 W Adams Blvd, Los Angeles, CA 90018",3787.550599329392
Apartment for Rent,"3711 Halldale Ave, Los Angeles, CA 90018",1662.8707315646288
Apartment for Rent,"3881 S Gramercy Pl, Los Angeles, CA 90062",2727.087428917864
Apartment for Rent,"400 S Broadway, Los Angeles, CA 90013",4464.05153292986
Apartment for Rent,"4005 W 28th St, Los Angeles, CA 90018",4203.976183902486
Apartment for Rent,"4011 W 21st St, Los Angeles, CA 90018",4316.170203528672
Apartment for Rent,"4012 S Normandie Ave, Los Angeles, CA 90037",1906.790244897912
Apartment for Rent,"4058 9th Ave, Los Angeles, CA 90008",4113.167979351624
Apartment for Rent,"4077 8th Ave, Los Angeles, CA 90008",4043.7377366471655
Apartment for Rent,"417 S Hill St, Los Angeles, CA 90013",4379.248404408311
Apartment for Rent,"4171 Dalton Ave, Los Angeles, CA 90062",2344.203219518567
Apartment for Rent,"4172 S Hobart Blvd, Los Angeles, CA 90062",2636.6750089766256
Apartment for Rent,"420 San Pedro St, Los Angeles, CA 90013",4616.773461921191
Apartment for Rent,"4234 8th Ave, Los Angeles, CA 90008",4164.419580743007
Apartment for Rent,"424 W Pico Blvd, Los Angeles, CA 90015",2606.789194693208
Apartment for Rent,"426 E 30th St, Los Angeles, CA 90011",1681.0110456472123
Apartment for Rent,"4301 8th Ave, Los Angeles, CA 90008",4220.118510667943
Apartment for Rent,"4308 S Normandie Ave, Los Angeles, CA 90037",2353.148427444006
Apartment for Rent,"433 Lake S St, Los Angeles, CA 90057",4461.270497687678
Apartment for Rent,"4335 Walton Ave, Los Angeles, CA 90037",2152.679473645631
Apartment for Rent,"4412 8th Ave, Los Angeles, CA 90043",4293.681537671304
Apartment for Rent,"444 S Occidental Blvd, Los Angeles, CA 90057",4867.429880695282
Apartment for Rent,"449 E 49th St, Los Angeles, CA 90011",3032.2945356559794
Apartment for Rent,"460 S Spring St, Los Angeles, CA 90013",4340.477179892094
Apartment for Rent,"4617 7th Ave, Los Angeles, CA 90043",4326.074389647536
Apartment for Rent,"4626 Wall St, Los Angeles, CA 90011",2611.2888073040813
Apartment for Rent,"4726 4th Ave, Los Angeles, CA 90043",4117.763443035553
Apartment for Rent,"496 E 41st St, Los Angeles, CA 90011",2210.1941830912547
Apartment for Rent,"553 S Coronado St, Los Angeles, CA 90057",4510.657824145206
Apartment for Rent,"5730 S Van Ness Ave, Los Angeles, CA 90062",4639.0832589179045
Apartment for Rent,"5902 S Wilton Pl, Los Angeles, CA 90047",4776.806490825077
Apartment for Rent,"600 W 9th St, Los Angeles, CA 90015",3377.829029667753
Apartment for Rent,"6049 S Normandie Ave, Los Angeles, CA 90044",4427.447699439604
Apartment for Rent,"609 S Grand Ave, Los Angeles, CA 90017",3986.529325926972
Apartment for Rent,"612 Flower St, Los Angeles, CA 90017",3947.164747688402
Apartment for Rent,"618 W 54th St, Los Angeles, CA 90037",3248.085855175244
Apartment for Rent,"621 S Broadway, Los Angeles, CA 90014",4018.731510665547
Apartment for Rent,"625 S Berendo St, Los Angeles, CA 90005",4558.249675344639
Apartment for Rent,"630 S Kenmore Ave, Los Angeles, CA 90005",4620.326435457036
Apartment for Rent,"639 S Spring St, Los Angeles, CA 90014",3962.3178333904207
Apartment for Rent,"685 S New Hampshire Ave, Los Angeles, CA 90005",4259.4234932731615
Apartment for Rent,"687 Shatto Pl, Los Angeles, CA 90005",4221.99535349598
Apartment for Rent,"700 W 9th St, Los Angeles, CA 90015",3365.7356073462583
Apartment for Rent,"702 W 42nd St, Los Angeles, CA 90037",1717.8820307554513
Apartment for Rent,"709 W 48th St, Los Angeles, CA 90037",2523.3246508379284
Apartment for Rent,"722 S Manhattan Plz, Los Angeles, CA 90005",4704.7913465791735
Apartment for Rent,"727 S Coronado St, Los Angeles, CA 90057",4012.476027523114
Apartment for Rent,"734 Catalina S St, Los Angeles, CA 90005",4178.352562830702
Apartment for Rent,"737 S Kingsley Dr, Los Angeles, CA 90005",4390.333983002833
Apartment for Rent,"744 Beacon Ave, Los Angeles, CA 90017",3659.986786314693
Apartment for Rent,"746 S Los Angeles St, Los Angeles, CA 90014",3799.67669377531
Apartment for Rent,"748 Hartford Ave, Los Angeles, CA 90017",3543.835046904666
Apartment for Rent,"801 S Grand Ave, Los Angeles, CA 90017",3577.9307310680115
Apartment for Rent,"807 S Flower St, Los Angeles, CA 90017",3578.3882938358383
Apartment for Rent,"807 W 30th St, Los Angeles, CA 90007",586.3629127427369
Apartment for Rent,"810 S Spring St, Los Angeles, CA 90014",3696.022276014569
Apartment for Rent,"815 S Harvard Blvd, Los Angeles, CA 90005",4266.84013920233
Apartment for Rent,"815 S Lake St, Los Angeles, CA 90057",3660.163309484155
Apartment for Rent,"821 W 43rd Pl, Los Angeles, CA 90037",1985.012808597037
Apartment for Rent,"825 S Hill St, Los Angeles, CA 90014",3557.4289715694736
Apartment for Rent,"832 S Oxford Ave, Los Angeles, CA 90005",4378.6167098808455
Apartment for Rent,"833 S Berendo St, Los Angeles, CA 90005",3949.633605560284
Apartment for Rent,"835 S Oxford Ave, Los Angeles, CA 90005",4384.149553485736
Apartment for Rent,"836 S Park View St, Los Angeles, CA 90057",3735.094247930696
Apartment for Rent,"839 Fedora St, Los Angeles, CA 90005",4018.05326235042
Apartment for Rent,"843 Irolo St, Los Angeles, CA 90005",4106.950148119018
Apartment for Rent,"848 Irolo St, Los Angeles, CA 90005",4090.6412730212624
Apartment for Rent,"850 S Olive St, Los Angeles, CA 90014",3529.475552370138
Apartment for Rent,"851 S Kenmore Ave, Los Angeles, CA 90005",3970.280479445586
Apartment for Rent,"858 S Gramercy Pl, Los Angeles, CA 90005",4611.462631031399
Apartment for Rent,"887 E 40th Pl, Los Angeles, CA 90011",2677.2315612814427
Apartment for Rent,"888 S Olive St, Los Angeles, CA 90014",3462.5658789124745
Apartment for Rent,"889 Francisco St, Los Angeles, CA 90017",3475.71406865071
Apartment for Rent,"900 S Vermont Ave, Los Angeles, CA 90006",3762.856839591836
Apartment for Rent,"910 W 23rd St, Los Angeles, CA 90007",1309.1191739723529
Apartment for Rent,"914 W 41st St, Los Angeles, CA 90037",1560.4397157190344
Apartment for Rent,"918 S Harvard Blvd, Los Angeles, CA 90006",4051.522934865328
Apartment for Rent,"924 S Serrano Ave, Los Angeles, CA 90006",4132.497125140012
Apartment for Rent,"958 Magnolia Ave, Los Angeles, CA 90006",3460.051389322873
Apartment for Rent,"964 S Ardmore Ave, Los Angeles, CA 90006",3817.567529107384
Ardmore,"860 S Ardmore Ave, Los Angeles, CA 90005",4106.801391338752
Atelier,"801 S Olive St, Los Angeles, CA 90014",3606.2095283667823
Atlas House,"2500 Wilshire Blvd, Los Angeles, CA 90057",4211.115758076972
Avalon,"1248 W Adams Blvd, Los Angeles, CA 90007",1169.3274249493188
Avana on Wilshire,"635 S Hobart Blvd, Los Angeles, CA 90005",4865.334328106611
Avant,"1360-1500 S Figueroa St, Los Angeles, CA 90015",2279.110696102184
Aven,"1120 S Grand Ave, Los Angeles, CA 90015",2933.4167463856697
Axis,"1200 S Broadway, Los Angeles, CA 90015",2861.5696121800515
B & B Apartments,"750 S Carondelet St, Los Angeles, CA 90057",3918.6334595185135
Be DTLA,"1120 W 6th St, Los Angeles, CA 90017",3996.95354613944
Beaudry,"960 W 7th St, Los Angeles, CA 90017",3765.601603589543
Berendo Terrace,"689 S Berendo St, Los Angeles, CA 90005",4292.463765005402
Berendo Villas,"1025 S Berendo St, Los Angeles, CA 90006",3405.181388345195
Berkshire K2LA,"685 S New Hampshire Ave, Los Angeles, CA 90005",4259.4234932731615
Bixel at Fifth,"1311 W 5th St, Los Angeles, CA 90017",4228.710321812388
Blackstone Apartments (1 month free rent!)*,"901 S Broadway, Los Angeles, CA 90015",3458.983153556808
Bonnie Brae Apartments,"930 S Bonnie Brae St, Los Angeles, CA 90006",3355.155883334552
Broadway Lofts,"430 S Broadway, Los Angeles, CA 90013",4363.969160510652
Broadway Palace,"1026 S Broadway, Los Angeles, CA 90015",3234.816134705566
Casa Loma LA Apartments,"208-210 W 14th St, Los Angeles, CA 90015",2546.0532949563226
Catalina Apartments,"500 S Catalina St, Los Angeles, CA 90020",4860.320468866677
Circa LA,"1200 S Figueroa St, Los Angeles, CA 90015",2731.5698616991986
City Lights on Fig,"1300 S Figueroa St, Los Angeles, CA 90015",2556.612952232804
City Lofts,"626 S Spring St, Los Angeles, CA 90014",4025.750676002024
City Park Apartments,"1246 W 30th St, Los Angeles, CA 90007",715.7100419498962
City View Apartments,"1207 Miramar St, Los Angeles, CA 90026",4668.595534781249
Commodore Regency Apartments,"685 S Lucas Ave, Los Angeles, CA 90017",3743.784412485146
Condo for Rent,"1100 Wilshire Blvd, Los Angeles, CA 90017",3861.028112236764
Condo for Rent,"1130 S Flower St, Los Angeles, CA 90015",2880.2870232859377
Condo for Rent,"1149 W 25th St, Los Angeles, CA 90007",1252.7074612726844
Condo for Rent,"1218 Magnolia Ave, Los Angeles, CA 90006",2927.0848342721006
Condo for Rent,"1234 Wilshire Blvd, Los Angeles, CA 90017",3872.275076451697
Condo for Rent,"1476 W 35th St, Los Angeles, CA 90018",1625.3261357502747
Condo for Rent,"1532 4th Ave, Los Angeles, CA 90019",4153.442045904515
Condo for Rent,"2121 James M Wood Blvd, Los Angeles, CA 90006",3529.0367653533885
Condo for Rent,"249 N Bonnie Brae St, Los Angeles, CA 90026",5296.977880073909
Condo for Rent,"257 S Spring St, Los Angeles, CA 90012",4771.656346514515
Condo for Rent,"2939 Leeward Ave, Los Angeles, CA 90005",4054.905015119365
Condo for Rent,"3511 W 6th St, Los Angeles, CA 90020",4746.0441374366455
Condo for Rent,"400 S Broadway, Los Angeles, CA 90013",4464.05153292986
Condo for Rent,"420 San Pedro St, Los Angeles, CA 90013",4616.773461921191
Condo for Rent,"435 S La Fayette Park Pl, Los Angeles, CA 90057",4776.818622075018
Condo for Rent,"460 S Spring St, Los Angeles, CA 90013",4340.477179892094
Condo for Rent,"625 S Berendo St, Los Angeles, CA 90005",4558.249675344639
Condo for Rent,"630 W 6th St, Los Angeles, CA 90017",4004.207231967032
Condo for Rent,"746 S Los Angeles St, Los Angeles, CA 90014",3799.67669377531
Condo for Rent,"800 W 1st St, Los Angeles, CA 90012",4971.075627553502
Condo for Rent,"801 S Grand Ave, Los Angeles, CA 90017",3577.9307310680115
Condo for Rent,"849 S Broadway, Los Angeles, CA 90014",3573.5984591990746
Condo for Rent,"877 Francisco St, Los Angeles, CA 90017",3569.132985688852
Condo for Rent,"889 Francisco St, Los Angeles, CA 90017",3475.71406865071
Condo for Rent,"900 W Olympic Blvd, Los Angeles, CA 90015",3070.1960121662246
Condo for Rent,"901 S Flower St, Los Angeles, CA 90015",3313.8913937558395
Condo for Rent,"926 S Manhattan Pl, Los Angeles, CA 90019",4284.9621424251545
Crenshaw Townhouse,"1327-1329 S Crenshaw Blvd, Los Angeles, CA 90019",11078.887989738916
Crosby,"3350 Wilshire Blvd, Los Angeles, CA 90010",4458.35886640723
Crystal House Apartments,"1630 W 3rd St, Los Angeles, CA 90017",4535.4101851764935
DON - St. Germaine,"900 S Serrano Ave, Los Angeles, CA 90006",4197.57284709504
Decollage Apartments,"3057-3067 W Pico Blvd, Los Angeles, CA 90006",3479.303516919449
E on Grand,"1249 S Grand Ave, Los Angeles, CA 90015",2664.6028757544605
E on Hoover,"1157 S Hoover St, Los Angeles, CA 90006",3071.380180700385
Eighth & Grand,"770 S Grand Ave, Los Angeles, CA 90014",3671.334466714302
Emerald,"215 W 14th St, Los Angeles, CA 90015",2512.7003749004843
Fedora Woods,"861 Fedora, LOS ANGELES, CA 90005",3980.69863348
Fedora x Trilby,"826-840 S Mariposa Ave, Los Angeles, CA 90005",3940.874021075914
G12,"1200 S Grand Ave, Los Angeles, CA 90015",2736.759620601686
Gamer Apartment | Live Work Loft in Los An...,"443 S San Pedro St, Los Angeles, CA 90013",2129.782655454241
Garment Lofts,"217 E 8th St, Los Angeles, CA 90014",3758.552238930706
Gas Company Lofts,"810 S Flower St, Los Angeles, CA 90017",3551.990552183672
Gillman Studio Apartments,"417 S Rampart Blvd, Los Angeles, CA 90057",4725.814827823894
Gramercy Place,"1500 S Gramercy Pl, Los Angeles, CA 90019",3609.628665953225
Grand Central Market Apartments,"307-317 S Broadway, Los Angeles, CA 90013",4699.863295408982
HWH Luxury Living,"354 S Spring St, Los Angeles, CA 90013",4510.555481792282
Haddon Hall,"3176-3188 W 8th St, Los Angeles, CA 90005",4074.5226848407606
Hallasan,"696 S New Hampshire Ave, Los Angeles, CA 90005",4242.565521488303
Hartford Apartments,"744 Hartford Ave, Los Angeles, CA 90017",3555.097920108277
Hellman Building,"411 S Main St, Los Angeles, CA 90013",4472.336990611738
House for Rent,"1030 S St Andrews Pl, Los Angeles, CA 90019",10915.730391881283
House for Rent,"1045 W 52nd St, Los Angeles, CA 90037",3106.826027293196
House for Rent,"1113 4th Ave, Los Angeles, CA 90019",4497.4166171039815
House for Rent,"1179 W 28th St, Los Angeles, CA 90007",809.172616125913
House for Rent,"1180 W 37th Plz, Los Angeles, CA 90007",822.0330120576764
House for Rent,"1213 W 24th St, Los Angeles, CA 90007",1352.4185251464778
House for Rent,"1222 W 35th St, Los Angeles, CA 90007",961.9569056469908
House for Rent,"1228 Fedora St, Los Angeles, CA 90006",3128.1127688151723
House for Rent,"1231 W 36th Pl, Los Angeles, CA 90007",953.734095845846
House for Rent,"1237 W 25th St, Los Angeles, CA 90007",1270.7035468679017
House for Rent,"1237 W 37th Plz, Los Angeles, CA 90007",986.795292715898
House for Rent,"1301 W 22nd St, Los Angeles, CA 90007",1528.2480245303286
House for Rent,"1316 W 35th St, Los Angeles, CA 90007",1198.6465505858198
House for Rent,"1320 12th Ave, Los Angeles, CA 90019",4570.637523443932
House for Rent,"1325 W Adams Blvd, Los Angeles, CA 90007",1236.2603040637632
House for Rent,"1329 W 37th Pl, Los Angeles, CA 90007",1260.5373391955588
House for Rent,"1334 W 22nd St, Los Angeles, CA 90007",1519.740329042534
House for Rent,"1375 W 37th Dr, Los Angeles, CA 90007",1379.732431448751
House for Rent,"1385 W 22nd St, Los Angeles, CA 90007",1556.075588922276
House for Rent,"1430 E 20th St, Los Angeles, CA 90011",3403.6386527355025
House for Rent,"1451 W 36th Plz, Los Angeles, CA 90018",1509.7691830658512
House for Rent,"1511 4th Ave, Los Angeles, CA 90019",4192.611198866223
House for Rent,"1513 4th Ave, Los Angeles, CA 90019",4190.357194088035
House for Rent,"1540 W 58th St, Los Angeles, CA 90062",4011.475959380167
House for Rent,"1651 W 37th Pl, Los Angeles, CA 90018",2085.874886393434
House for Rent,"1826 Westmoreland Blvd, Los Angeles, CA 90006",2844.838902977414
House for Rent,"1847 W 43rd Pl, Los Angeles, CA 90062",3203.139220664876
House for Rent,"1859 W Slauson Ave, Los Angeles, CA 90047",4387.184151207623
House for Rent,"1907 W 48th St, Los Angeles, CA 90062",3712.269621260843
House for Rent,"1981 Estrella Ave, Los Angeles, CA 90007",1565.480276997583
House for Rent,"2022 W 31st St, Los Angeles, CA 90018",2308.3939990469303
House for Rent,"2032 W 31st St, Los Angeles, CA 90018",2334.444648214365
House for Rent,"2040 Browning Blvd, Los Angeles, CA 90062",3080.631676927336
House for Rent,"2056 W 29th Pl, Los Angeles, CA 90018",2442.79687280458
House for Rent,"2059 W 29th St, Los Angeles, CA 90018",2480.6475903298897
House for Rent,"2142 Portland St, Los Angeles, CA 90007",1336.0038818172209
House for Rent,"2349 W 29th Pl, Los Angeles, CA 90018",3224.3114298226283
House for Rent,"2418 W Vernon Ave, Los Angeles, CA 90043",3802.266950706883
House for Rent,"243 E 38th St, Los Angeles, CA 90011",1714.5463032549287
House for Rent,"2534 7th Ave, Los Angeles, CA 90018",3860.350253559856
House for Rent,"2712 Menlo Ave, Los Angeles, CA 90007",957.6310536988536
House for Rent,"2768 Wright Ln, Los Angeles, CA 90068",2131.6816804597865
House for Rent,"2827 S Hoover St, Los Angeles, CA 90007",2110.2043828762444
House for Rent,"331 S Westlake Ave, Los Angeles, CA 90057",4558.036673052759
House for Rent,"3511 S Bronson Ave, Los Angeles, CA 90018",4503.543788320185
House for Rent,"3536 6th Ave, Los Angeles, CA 90018",3540.8494693599905
House for Rent,"3679 Halldale Ave, Los Angeles, CA 90018",1656.1154030072544
House for Rent,"3711 W Pico Blvd, Los Angeles, CA 90019",4359.871565823237
House for Rent,"3717 Raymond Ave, Los Angeles, CA 90007",1192.089143538451
House for Rent,"3823 S Van Ness Ave, Los Angeles, CA 90062",3024.634379960851
House for Rent,"3878 S Harvard Blvd, Los Angeles, CA 90062",2139.287480593395
House for Rent,"3978 Dublin Ave, Los Angeles, CA 90008",3557.589159398357
House for Rent,"4212 S Raymond Ave, Los Angeles, CA 90037",2079.786723553131
House for Rent,"4223 Denker Ave, Los Angeles, CA 90062",2503.824272154507
House for Rent,"4306 5th Ave, Los Angeles, CA 90008",3906.9301971288655
House for Rent,"4344 4th Ave, Los Angeles, CA 90008",3898.909320960575
House for Rent,"456 E 47th St, Los Angeles, CA 90011",2878.3188368883384
House for Rent,"4623 Wesley Ave, Los Angeles, CA 90037",2345.6134721746307
House for Rent,"4638 2nd Ave, Los Angeles, CA 90043",3912.131589462542
House for Rent,"5012 3rd Ave, Los Angeles, CA 90043",4268.533849149486
House for Rent,"5140 6th Ave, Los Angeles, CA 90043",4607.568063516624
House for Rent,"5317 Ascot Ave, Los Angeles, CA 90011",4483.914008895686
House for Rent,"533 E 36th St, Los Angeles, CA 90011",1902.145170676173
House for Rent,"854 S Gramercy Pl, Los Angeles, CA 90005",4618.805747027134
House for Rent,"860 S Wilton Pl, Los Angeles, CA 90005",4662.531228978536
House for Rent,"942 4th Ave, Los Angeles, CA 90019",4676.623877667562
Housing Near USC (University Southern Calif),"1211 W 37th Dr, Los Angeles, CA 90007",971.713580948931
Huntington Apartments,"752 S Main St, Los Angeles, CA 90014",3740.574437763773
Icon Plaza,"3584 S Figueroa St, Los Angeles, CA 90007",513.7075311871711
Jade Everett,"2652-2656 Ellendale Pl, Los Angeles, CA 90007",1112.924295624983
Jasper,"2528 S Grand Ave, Los Angeles, CA 90007",1331.7074273926692
Jefferson Flats (Student Housing - Fall 2023),"1320 W Jefferson Blvd, Los Angeles, CA 90007",1161.7570597930624
Josephine DTLA,"801 S Hope St, Los Angeles, CA 90017",3576.366130467018
Kenmore Towers,"615 S Kenmore Ave, Los Angeles, CA 90005",4658.355270615351
Kingsley Diplomat Apartments,"730 S Kingsley Dr, Los Angeles, CA 90005",4394.759145363842
Kodo,"2867 Sunset Pl, Los Angeles, CA 90005",4278.723701016269
Kurve,"2801 Sunset Pl, Los Angeles, CA 90005",4279.773136088023
LEE - Leeward Apartments,"2810 Leeward Ave, Los Angeles, CA 90005",4031.64597474177
LEVEL - South Olive,"888 S Olive St, Los Angeles, CA 90014",3462.5658789124745
Lakeview Apartments,"500 S Lake St, Los Angeles, CA 90057",4386.586014423262
Leimert Park,"4225 Leimert Blvd, Los Angeles, CA 90008",4198.32850935369
Lexington at Fedora,"844-854 Fedora St, Los Angeles, CA 90005",3984.903194936869
Lido Apartments - 1039 S Hobart,"1039 S Hobart Blvd, Los Angeles, CA 90006",3771.7967950216857
Luna,"3640 Wilshire Blvd, Los Angeles, CA 90010",4713.952486811519
MARLEY LOFTS,"548 S Spring St, Los Angeles, CA 90013",4126.680689576705
Magnolia Apartments,"1423 Magnolia Ave, Los Angeles, CA 90006",2623.4179960541032
Manali Residence,"742 S Westlake Ave, Los Angeles, CA 90057",3741.959105306272
Mardi Gras Apartments,"720 W 27th St, Los Angeles, CA 90007",814.4984916386932
Mariposa @ 5th,"520 S Mariposa Ave, Los Angeles, CA 90020",4903.650169185835
Mariposa @ 8th,"750 S Mariposa Ave, Los Angeles, CA 90005",4208.635755050865
Mariposa Apartments,"727 S Mariposa Ave, Los Angeles, CA 90005",4300.594025543956
Maxfield Lofts,"819 Santee St, Los Angeles, CA 90014",3674.035700638409
Menlo 2,"980 Menlo Ave, Los Angeles, CA 90006",3430.495641215073
Mercantile Lofts,"620 S Main St, Los Angeles, CA 90014",4039.903490083745
Met Lofts,"1050 S Flower St, Los Angeles, CA 90015",3034.1082670974265
Morgan Lofts Unit 306,"3324-3330 Wilshire Blvd, Los Angeles, CA 90010",4480.804147274596
Museum Tower,"225 S Olive St, Los Angeles, CA 90012",4726.494651112169
NRE - The Bard Apartments,"756 S Normandie Ave, Los Angeles, CA 90005",4241.916982134361
National City Tower,"810 S Spring St, Los Angeles, CA 90014",3696.022276014569
New Hampshire Terrace,"864 S New Hampshire, Los Angeles, CA 90005",3864.6003418103696
Next on Sixth,"620 S Virgil Ave, Los Angeles, CA 90005",4551.744855045419
OSM USC Housing,"1239 W 30th St, Los Angeles, CA 90007",742.2131581165814
Olive DTLA,"1213-1237 S Olive St, Los Angeles, CA 90015",2781.214183241226
Olympic by Windsor,"936 S Olive St, Los Angeles, CA 90015",3277.7011498681736
Onyx DTLA,"424 W Pico Blvd, Los Angeles, CA 90015",2606.789194693208
PRE - The President,"669 S Union Ave, Los Angeles, CA 90017",3814.648056803469
Pacific Electric Lofts,"610 S Main St, Los Angeles, CA 90014",4088.55859400226
Packard Lofts,"1000 S Hope St, Los Angeles, CA 90015",3155.7297411521463
Park Fifth,"427 W 5th St, Los Angeles, CA 90013",4249.896372637889
Park Gramercy Apartments,"849 S Gramercy Dr, Los Angeles, CA 90005",4586.634217179088
Park View Apartments,"511 Park View, Los Angeles, CA 90057",10843.869451052396
Park Wilshire,"2424 Wilshire Blvd, Los Angeles, CA 90057",4177.747032499879
Pegasus,"612 S Flower St, Los Angeles, CA 90017",3947.164747688402
Phoenix Apartments (Brand New),"1421-1439 W Adams Blvd, Los Angeles, CA 90007",1341.5031318471374
Plaza at Lafayette,"401 S La Fayette Park Pl, Los Angeles, CA 90057",4843.622549263119
Premiere Towers,"621 S Spring St, Los Angeles, CA 90014",4014.237054340407
Prince Rupert Apartments,"1305 Ingraham St, Los Angeles, CA 90017",3799.449316462594
Private Furnished Rooms - Co-Living Life,"2651 S Hobart Blvd, Los Angeles, CA 90018",2346.904264799445
Private Suite - Co-living Life,"1430 W 37th St, Los Angeles, CA 90018",1482.7840327165247
Radius Koreatown,"680 S Berendo St, Los Angeles, CA 90005",4321.007363012228
Renaissance Tower,"501 W Olympic Blvd, Los Angeles, CA 90015",3227.345343954386
Rise Koreatown,"750 S Oxford Ave, Los Angeles, CA 90005",4538.455326275671
SB Main,"111 W 7th St, Los Angeles, CA 90014",3923.683911469144
SB Manhattan,"215 W 6th St, Los Angeles, CA 90014",4098.267335691732
SB Spring,"650 S Spring St, Los Angeles, CA 90014",3927.620195944143
SB Tower,"600 S Spring St, Los Angeles, CA 90014",4075.632743485493
Santee Court,"716-718 S Los Angeles St, Los Angeles, CA 90014",3836.151436553251
Sentral DTLA at 732 S. Spring,"732 S Spring St, Los Angeles, CA 90014",3773.416352734684
Sentral DTLA at 755 S. Spring,"755 S Spring St, Los Angeles, CA 90014",3721.221158393676
SevenWest,"1331 W 7th St, Los Angeles, CA 90017",3706.267437350081
Sienna,"1011 S Serrano Ave, Los Angeles, CA 90006",3863.105259583755
Skye at Bunker Hill,"234 S Figueroa St, Los Angeles, CA 90012",4732.042832353675
South Kenmore Apartments,"915 S Kenmore Ave, Los Angeles, CA 90006",3818.232866716367
South Park by Windsor,"939 S Hill St, Los Angeles, CA 90015",3368.702158857628
South Virgil Apartments,"615 S Virgil Ave, Los Angeles, CA 90005",4556.956905697351
Spring Arcade Building,"541 S Spring St, Los Angeles, CA 90013",4161.437813232608
Spring Tower Lofts,"639 S Spring St, Los Angeles, CA 90014",3962.3178333904207
Sunflower Norton Apartments,"1242 S Norton Ave, Los Angeles, CA 90019",4568.86779368598
"TENTEN DOWNTOWN 10 Weeks Free & $1,000 Back*","1027 Wilshire Blvd, Los Angeles, CA 90017",3897.4466001894416
"TENTEN WILSHIRE 10 Weeks Free + $1,000 Back*","1010 Wilshire Blvd, Los Angeles, CA 90017",3887.489546773729
THEA at Metropolis,"1000 W 8th St, Los Angeles, CA 90017",3535.644598675557
The 505,"505 W 31st St, Los Angeles, CA 90007",24567.59805469708
The 900,"900 S Vermont Ave, Los Angeles, CA 90006",3762.856839591836
The Ashby @ 8th,"808 S Hobart Blvd, Los Angeles, CA 90005",4314.307926132226
The Audrey,"700 S Manhattan Pl, Los Angeles, CA 90005",5493.031293821966
The BORA 3170,"3170 W Olympic Blvd, Los Angeles, CA 90006",3839.027496207122
The Brockman Lofts,"530 W 7th St, Los Angeles, CA 90014",3789.3885918329647
The Cascades,"1136 W 36th St, Los Angeles, CA 90007",770.1089184171481
The Chapman Flats,"756 S Broadway, Los Angeles, CA 90014",3761.7295879836392
The Charleston Apartments,"729 S Union Ave, Los Angeles, CA 90017",3645.944199243916
The Emerson,"225 S Grand Ave, Los Angeles, CA 90012",4708.85357461232
The Enchanted,"826 S Hobart Blvd, Los Angeles, CA 90005",4285.404558347813
The Flat,"750 S Garland Ave, Los Angeles, CA 90017",3559.6358028816067
The Frazier,"1107 S Hobart Blvd, Los Angeles, CA 90006",3650.120986923832
The Gemma,"3540 Wilshire Blvd, Los Angeles, CA 90010",4627.455291116516
The Great Republic Lofts,"756 S Spring St, Los Angeles, CA 90014",3723.894865844697
The Hana,"801 S Berendo St, Los Angeles, CA 90005",4005.282083646498
The Harper,"800 S Harvard Blvd, Los Angeles, CA 90005",4282.054801859448
The Irolo,"932 Irolo St, Los Angeles, CA 90006",3942.983455605204
The Kenmore,"966 S Kenmore Ave, Los Angeles, CA 90006",3640.615261076901
The Langham,"715 S Normandie Ave, Los Angeles, CA 90005",4332.304406651188
The Lofts at the Security Building Apartments,"510 S Spring St, Los Angeles, CA 90013",4262.251559843011
The Lorenzo- Student Housing near USC,"325 W Adams Blvd, Los Angeles, CA 90007",1362.395912691858
The Medici,"725 S Bixel St, Los Angeles, CA 90017",3660.741835401277
The Met,"950 S Flower St, Los Angeles, CA 90015",3316.7993875389075
The Mint,"1136 W 6th St, Los Angeles, CA 90017",4096.24428380384
The Nexen,"2968 W 7th St, Los Angeles, CA 90005",4159.324837769022
The Oxford @ Olympic,"979-985 S Oxford Ave, Los Angeles, CA 90006",3772.8900131755313
The Pearl,"687 S Hobart Blvd, Los Angeles, CA 90005",4743.782878209887
The Piero,"609 St Paul Ave, Los Angeles, CA 90017",4088.7682946721934
The Ten Apartments,"2336 Crenshaw Blvd, Los Angeles, CA 90016",4670.952323994993
The Thompson,"3345 Wilshire Blvd, Los Angeles, CA 90010",4507.780747721589
The Vermont,"3150 Wilshire Blvd, Los Angeles, CA 90010",4401.915375391459
The View,"3460 W 7th St, Los Angeles, CA 90005",4432.832177832329
The Visconti,"1221 W 3rd St, Los Angeles, CA 90017",4576.560441891526
The Walnut Building,"691 Mill St, Los Angeles, CA 90021",4858.875166702532
The Wendover Apartments,"840 Hobart Blvd, Los Angeles, CA 90005",8047.29967560168
Title Guarantee Lofts,"411 W 5th St, Los Angeles, CA 90013",4266.672657572294
Topaz,"550 S Main St, Los Angeles, CA 90013",49242.27522517823
Townhome for Rent,"1041 Leighton Ave, Los Angeles, CA 90037",1235.2168829310715
Townhome for Rent,"1110 W 54th St, Los Angeles, CA 90037",3353.733512639003
Townhome for Rent,"1141 Irolo St, Los Angeles, CA 90006",3415.96708461086
Townhome for Rent,"1200 W 24th St, Los Angeles, CA 90007",1331.3709044061377
Townhome for Rent,"1208 W 25th St, Los Angeles, CA 90007",1244.0564504305107
Townhome for Rent,"1212 Fedora St, Los Angeles, CA 90006",3154.927961252204
Townhome for Rent,"1224 W 37th Pl, Los Angeles, CA 90007",981.0731663605044
Townhome for Rent,"1265 W 35th St, Los Angeles, CA 90007",1072.1271505424752
Townhome for Rent,"1316 W 35th St, Los Angeles, CA 90007",1198.6465505858198
Townhome for Rent,"1339 W 35th Pl, Los Angeles, CA 90007",1236.4880523619188
Townhome for Rent,"1356 W 30th St, Los Angeles, CA 90007",952.6488597166344
Townhome for Rent,"1360 W 24th St, Los Angeles, CA 90007",1410.054957448741
Townhome for Rent,"1374 W 35th Pl, Los Angeles, CA 90007",1334.9320675823642
Townhome for Rent,"1432 E 20th St, Los Angeles, CA 90011",3408.5465772879697
Townhome for Rent,"1603 W 35th St, Los Angeles, CA 90018",1957.869877349847
Townhome for Rent,"1609 W 35th Pl, Los Angeles, CA 90018",1964.473095066472
Townhome for Rent,"1618 W 35th Pl, Los Angeles, CA 90018",2038.977723898553
Townhome for Rent,"1621 E 46th St, Los Angeles, CA 90011",4297.878927569414
Townhome for Rent,"1621 S Van Ness Ave, Los Angeles, CA 90019",3705.181505402
Townhome for Rent,"1635 E 33rd St, Los Angeles, CA 90011",3941.795162040357
Townhome for Rent,"1637 E 33rd St, Los Angeles, CA 90011",3945.045812421961
Townhome for Rent,"1813 W Adams Blvd, Los Angeles, CA 90018",2061.0525389006366
Townhome for Rent,"1822 Orchard Ave, Los Angeles, CA 90006",2080.3319116631315
Townhome for Rent,"1822 Orchard Ave., Los Angeles, CA 90006",2080.3319116631315
Townhome for Rent,"234 E 27th St, Los Angeles, CA 90011",1635.269997611975
Townhome for Rent,"2663 5th Ave, Los Angeles, CA 90018",3572.988755966732
Townhome for Rent,"2688 Orchard Ave, Los Angeles, CA 90007",938.9305336647742
Townhome for Rent,"3011 S Budlong Ave, Los Angeles, CA 90007",1127.3313023074309
Townhome for Rent,"3505 Raymond Ave, Los Angeles, CA 90007",1224.2587390177878
Townhome for Rent,"3915 Brighton Ave, Los Angeles, CA 90062",1721.6340339102092
Townhome for Rent,"3968 Arlington Ave, Los Angeles, CA 90008",3209.4307364727297
Townhome for Rent,"3996 La Salle Ave, Los Angeles, CA 90062",2271.164595343641
Townhome for Rent,"4151 Brighton Ave, Los Angeles, CA 90062",2168.624826556498
Townhome for Rent,"4232 S Olive St, Los Angeles, CA 90037",1815.738916945603
Townhome for Rent,"4306 S Normandie Ave, Los Angeles, CA 90037",2350.267755944534
Townhome for Rent,"4416 8th Ave, Los Angeles, CA 90043",4308.862148488606
Townhome for Rent,"4418 8th Ave, Los Angeles, CA 90008",4309.562493906009
Townhome for Rent,"5430 S Wilton Pl, Los Angeles, CA 90062",4274.630744750342
Townhome for Rent,"608 W 42nd St, Los Angeles, CA 90037",1716.842212163902
Trademark,"437 S Hill St, Los Angeles, CA 90013",4334.544382037704
Tremont Apartments,"514 S Catalina St, Los Angeles, CA 90020",4835.846794191922
Tripalink Co-living Apartments,"1147 W 37th St, Los Angeles, CA 90007",717.7570235002471
Tripalink-1344 W 37th Pl,"1344 W 37th Pl, Los Angeles, CA 90007",1296.4931363524322
Tuscani Villas,"369 Columbia Ave, Los Angeles, CA 90017",4343.334803569489
Tuscany Apartments Student Living,"3770 S Figueroa St, Los Angeles, CA 90007",654.4632954804432
University Gateway,"3335 S Figueroa St, Los Angeles, CA 90007",488.0337820826196
Views,"723 S St Andrews Pl, Los Angeles, CA 90005",10915.730391881283
WILCO Apartments,"2525 Wilshire Blvd, Los Angeles, CA 90057",4234.104110854551
Watermarke Tower,"705 W 9th St, Los Angeles, CA 90015",3424.077720994748
West 27th,"2700 S Figueroa St, Los Angeles, CA 90007",957.8343710848684
Western Towers,"1057 S Western Ave, Los Angeles, CA 90006",3896.869068198686
Westland @ Regina,"420 S Westlake Ave, Los Angeles, CA 90057",4384.280158018649
Westmore on Wilshire,"3075 Wilshire Blvd, Los Angeles, CA 90010",4402.86034344219
Westmoreland Apartments,"500 S Westmoreland Ave, Los Angeles, CA 90020",4752.755154852078
Wilshire Valencia,"1515 Wilshire Blvd, Los Angeles, CA 90017",3908.883881559762
Wilshire Vermont,"3183 Wilshire Blvd, Los Angeles, CA 90010",4510.960080847612
Windsor Court,"900 S Irolo St, Los Angeles, CA 90006",3706.5874971732223
Wren,"1230 S Olive St, Los Angeles, CA 90015",2711.3110914561503
mResidences Olympic & Olive,"1001 S Olive St, Los Angeles, CA 90015",3150.299789194706
the 314 DTLA,"601 S Broadway, Los Angeles, CA 90014",4053.6349337095776
